Date,States Affected,Total No of Cases,Total No Discharged,Total No of Deaths
29/02/2020,Ogun,1,0,0
01/03/2020,Ogun,1,0,0
02/03/2020,Ogun,1,0,0
03/03/2020,Ogun,1,0,0
04/03/2020,Ogun,1,0,0
05/03/2020,Ogun,1,0,0
06/03/2020,Ogun,1,0,0
07/03/2020,Ogun,1,0,0
08/03/2020,Ogun,1,0,0
09/03/2020,Ogun,2,0,0
10/03/2020,Ogun,2,0,0
11/03/2020,Ogun,2,0,0
12/03/2020,Ogun,2,0,0
13/03/2020,Ogun,2,0,0
14/03/2020,Ogun,2,0,0
15/03/2020,Ogun,2,0,0
16/03/2020,Lagos,1,0,0
16/03/2020,Ogun,2,1,0
17/03/2020,Lagos,1,0,0
17/03/2020,Ogun,2,1,0
18/03/2020,Lagos,5,0,0
18/03/2020,Ogun,2,1,0
18/03/2020,Ekiti,1,0,0
19/03/2020,Lagos,9,0,0
19/03/2020,Ogun,2,1,0
19/03/2020,Ekiti,1,0,0
20/03/2020,Lagos,9,0,0
20/03/2020,Ogun,2,1,0
20/03/2020,Ekiti,1,0,0
21/03/2020,FCT,3,0,0
21/03/2020,Lagos,19,0,0
21/03/2020,Ogun,2,2,0
21/03/2020,Ekiti,1,0,0
22/03/2020,Ekiti,1,0,0
22/03/2020,FCT,4,0,0
22/03/2020,Lagos,22,0,0
22/03/2020,Ogun,2,2,0
22/03/2020,Oyo,1,0,0
23/03/2020,Edo,1,0,0
23/03/2020,Ekiti,1,0,0
23/03/2020,FCT,6,0,1
23/03/2020,Lagos,25,0,0
23/03/2020,Ogun,2,2,0
23/03/2020,Oyo,1,0,0
24/03/2020,Bauchi,1,0,0
24/03/2020,Edo,1,0,0
24/03/2020,Ekiti,1,0,0
24/03/2020,FCT,8,0,1
24/03/2020,Lagos,29,0,0
24/03/2020,Ogun,3,2,0
24/03/2020,Oyo,1,0,0
25/03/2020,Bauchi,1,0,0
25/03/2020,Edo,1,0,0
25/03/2020,Ekiti,1,0,0
25/03/2020,FCT,10,0,1
25/03/2020,Lagos,32,0,0
25/03/2020,Ogun,3,2,0
25/03/2020,Osun,1,0,0
25/03/2020,Oyo,1,0,0
25/03/2020,Rivers,1,0,0
26/03/2020,Bauchi,2,0,0
26/03/2020,Edo,1,0,0
26/03/2020,Ekiti,1,0,0
26/03/2020,FCT,11,0,1
26/03/2020,Lagos,44,1,0
26/03/2020,Ogun,3,2,0
26/03/2020,Osun,1,0,0
26/03/2020,Oyo,1,0,0
26/03/2020,Rivers,1,0,0
27/03/2020,Bauchi,2,0,0
27/03/2020,Edo,1,0,0
27/03/2020,Ekiti,1,0,0
27/03/2020,FCT,11,0,1
27/03/2020,Lagos,44,1,0
27/03/2020,Ogun,3,2,0
27/03/2020,Osun,1,0,0
27/03/2020,Oyo,1,0,0
27/03/2020,Rivers,1,0,0
28/03/2020,Lagos,59,1,0
28/03/2020,FCT,16,0,1
28/03/2020,Oyo,7,0,0
28/03/2020,Ogun,3,2,0
28/03/2020,Bauchi,2,0,0
28/03/2020,Edo,2,0,0
28/03/2020,Enugu,2,0,0
28/03/2020,Osun,2,0,0
28/03/2020,Benue,1,0,0
28/03/2020,Ekiti,1,0,0
28/03/2020,Kaduna,1,0,0
28/03/2020,Rivers,1,0,0
29/03/2020,Lagos,68,1,0
29/03/2020,FCT,21,0,1
29/03/2020,Oyo,7,0,0
29/03/2020,Ogun,3,2,0
29/03/2020,Bauchi,2,0,0
29/03/2020,Edo,2,0,0
29/03/2020,Enugu,2,0,0
29/03/2020,Osun,2,0,0
29/03/2020,Benue,1,0,0
29/03/2020,Ekiti,1,0,0
29/03/2020,Kaduna,1,0,0
29/03/2020,Rivers,1,0,0
30/03/2020,Lagos,81,6,0
30/03/2020,FCT,25,0,2
30/03/2020,Oyo,8,0,0
30/03/2020,Kaduna,3,0,0
30/03/2020,Ogun,3,2,0
30/03/2020,Bauchi,2,0,0
30/03/2020,Edo,2,0,0
30/03/2020,Enugu,2,0,0
30/03/2020,Osun,2,0,0
30/03/2020,Benue,1,0,0
30/03/2020,Ekiti,1,0,0
30/03/2020,Rivers,1,0,0
31/03/2020,Lagos,82,6,0
31/03/2020,FCT,28,0,2
31/03/2020,Oyo,8,0,0
31/03/2020,Osun,5,0,0
31/03/2020,Ogun,4,2,0
31/03/2020,Kaduna,3,0,0
31/03/2020,Bauchi,2,0,0
31/03/2020,Edo,2,0,0
31/03/2020,Enugu,2,0,0
31/03/2020,Benue,1,0,0
31/03/2020,Ekiti,1,1,0
31/03/2020,Rivers,1,0,0
01/04/2020,Lagos,91,6,0
01/04/2020,Akwa Ibom,5,0,0
01/04/2020,FCT,35,0,2
01/04/2020,Oyo,8,0,0
01/04/2020,Osun,14,0,0
01/04/2020,Ogun,4,2,0
01/04/2020,Kaduna,4,0,0
01/04/2020,Bauchi,3,0,0
01/04/2020,Edo,4,0,0
01/04/2020,Enugu,2,0,0
01/04/2020,Benue,1,0,0
01/04/2020,Ekiti,2,1,0
01/04/2020,Rivers,1,0,0
02/04/2020,Lagos,98,17,0
02/04/2020,FCT,38,0,2
02/04/2020,Osun,14,0,0
02/04/2020,Oyo,8,0,0
02/04/2020,Akwa Ibom,5,0,0
02/04/2020,Ogun,4,2,0
02/04/2020,Kaduna,4,0,0
02/04/2020,Edo,4,0,0
02/04/2020,Bauchi,3,0,0
02/04/2020,Enugu,2,0,0
02/04/2020,Ekiti,2,1,0
02/04/2020,Benue,1,0,0
02/04/2020,Rivers,1,0,0
03/04/2020,Lagos,109,22,1
03/04/2020,FCT,41,0,2
03/04/2020,Osun,22,0,0
03/04/2020,Oyo,8,0,0
03/04/2020,Akwa Ibom,5,0,0
03/04/2020,Ogun,4,2,0
03/04/2020,Kaduna,4,0,0
03/04/2020,Edo,7,0,1
03/04/2020,Bauchi,3,0,0
03/04/2020,Enugu,2,0,0
03/04/2020,Ekiti,2,1,0
03/04/2020,Benue,1,0,0
03/04/2020,Rivers,1,0,0
03/04/2020,Ondo,1,0,0
04/04/2020,Lagos,109,22,1
04/04/2020,FCT,43,0,2
04/04/2020,Osun,20,0,0
04/04/2020,Oyo,9,0,0
04/04/2020,Edo,7,0,1
04/04/2020,Bauchi,6,0,0
04/04/2020,Akwa Ibom,5,0,0
04/04/2020,Ogun,4,2,0
04/04/2020,Kaduna,4,0,0
04/04/2020,Enugu,2,0,0
04/04/2020,Ekiti,2,1,0
04/04/2020,Benue,1,0,0
04/04/2020,Rivers,1,0,0
04/04/2020,Ondo,1,0,0
05/04/2020,Lagos,120,30,2
05/04/2020,FCT,47,0,2
05/04/2020,Osun,20,0,0
05/04/2020,Oyo,9,0,0
05/04/2020,Edo,9,0,1
05/04/2020,Bauchi,6,0,0
05/04/2020,Akwa Ibom,5,0,0
05/04/2020,Kaduna,5,0,0
05/04/2020,Ogun,4,2,0
05/04/2020,Enugu,2,0,0
05/04/2020,Ekiti,2,1,0
05/04/2020,Benue,1,0,0
05/04/2020,Rivers,1,0,0
05/04/2020,Ondo,1,0,0
06/04/2020,Lagos,120,31,2
06/04/2020,FCT,48,0,2
06/04/2020,Osun,20,1,0
06/04/2020,Edo,11,0,1
06/04/2020,Oyo,9,0,0
06/04/2020,Bauchi,6,0,0
06/04/2020,Akwa Ibom,5,0,0
06/04/2020,Kaduna,5,0,0
06/04/2020,Ogun,4,2,0
06/04/2020,Ekiti,2,1,0
06/04/2020,Enugu,2,0,0
06/04/2020,Rivers,2,0,0
06/04/2020,Kwara,2,0,0
06/04/2020,Benue,1,0,0
06/04/2020,Ondo,1,0,0
07/04/2020,Lagos,130,32,2
07/04/2020,FCT,50,7,2
07/04/2020,Osun,20,1,0
07/04/2020,Edo,11,0,1
07/04/2020,Oyo,11,0,0
07/04/2020,Bauchi,6,0,0
07/04/2020,Akwa Ibom,5,0,0
07/04/2020,Kaduna,5,0,0
07/04/2020,Ogun,4,2,0
07/04/2020,Ekiti,2,1,0
07/04/2020,Enugu,2,0,0
07/04/2020,Rivers,2,1,0
07/04/2020,Kwara,2,0,0
07/04/2020,Benue,1,0,0
07/04/2020,Ondo,1,0,0
07/04/2020,Delta,1,0,0
07/04/2020,Katsina,1,0,1
08/04/2020,Lagos,145,32,2
08/04/2020,FCT,54,7,2
08/04/2020,Osun,20,1,0
08/04/2020,Edo,12,0,1
08/04/2020,Oyo,11,0,0
08/04/2020,Bauchi,8,0,0
08/04/2020,Akwa Ibom,5,0,0
08/04/2020,Kaduna,5,0,0
08/04/2020,Ogun,4,2,0
08/04/2020,Ekiti,2,1,0
08/04/2020,Enugu,2,0,0
08/04/2020,Rivers,2,1,0
08/04/2020,Kwara,2,0,0
08/04/2020,Benue,1,0,0
08/04/2020,Ondo,1,0,0
08/04/2020,Delta,1,0,0
08/04/2020,Katsina,1,0,1
09/04/2020,Lagos,158,39,2
09/04/2020,FCT,54,7,2
09/04/2020,Osun,20,1,0
09/04/2020,Edo,12,0,1
09/04/2020,Oyo,11,0,0
09/04/2020,Bauchi,6,0,0
09/04/2020,Akwa Ibom,5,0,0
09/04/2020,Kaduna,5,0,0
09/04/2020,Ogun,4,2,0
09/04/2020,Ekiti,2,1,0
09/04/2020,Enugu,2,0,0
09/04/2020,Rivers,2,1,0
09/04/2020,Kwara,2,0,0
09/04/2020,Delta,2,0,1
09/04/2020,Benue,1,0,0
09/04/2020,Ondo,1,0,0
09/04/2020,Katsina,1,0,1
10/04/2020,Lagos,163,46,2
10/04/2020,FCT,56,7,2
10/04/2020,Osun,20,1,0
10/04/2020,Edo,12,0,1
10/04/2020,Oyo,11,0,0
10/04/2020,Bauchi,6,0,0
10/04/2020,Kaduna,6,0,0
10/04/2020,Akwa Ibom,5,0,0
10/04/2020,Ogun,7,2,0
10/04/2020,Katsina,4,0,1
10/04/2020,Ekiti,2,1,0
10/04/2020,Enugu,2,0,0
10/04/2020,Rivers,2,1,0
10/04/2020,Kwara,2,0,0
10/04/2020,Delta,2,0,1
10/04/2020,Ondo,2,0,0
10/04/2020,Benue,1,0,0
10/04/2020,Anambra,1,0,0
10/04/2020,Niger,1,0,0
11/04/2020,Lagos,174,50,5
11/04/2020,FCT,56,11,2
11/04/2020,Osun,20,1,0
11/04/2020,Edo,12,0,1
11/04/2020,Oyo,11,4,0
11/04/2020,Ogun,7,2,0
11/04/2020,Bauchi,6,0,0
11/04/2020,Kaduna,6,0,0
11/04/2020,Akwa Ibom,5,0,0
11/04/2020,Katsina,4,0,1
11/04/2020,Delta,3,0,1
11/04/2020,Ekiti,2,1,0
11/04/2020,Enugu,2,0,0
11/04/2020,Rivers,2,1,0
11/04/2020,Kwara,2,0,0
11/04/2020,Ondo,2,0,0
11/04/2020,Benue,1,0,0
11/04/2020,Anambra,1,0,0
11/04/2020,Niger,1,0,0
11/04/2020,Kano,1,0,0
12/04/2020,Lagos,176,55,5
12/04/2020,FCT,56,11,2
12/04/2020,Osun,20,11,0
12/04/2020,Edo,12,0,1
12/04/2020,Oyo,11,4,0
12/04/2020,Ogun,7,2,0
12/04/2020,Bauchi,6,0,0
12/04/2020,Kaduna,6,0,0
12/04/2020,Akwa Ibom,5,0,0
12/04/2020,Katsina,5,0,1
12/04/2020,Kwara,4,0,0
12/04/2020,Delta,3,0,1
12/04/2020,Ekiti,2,1,0
12/04/2020,Enugu,2,0,0
12/04/2020,Rivers,2,1,0
12/04/2020,Ondo,2,0,0
12/04/2020,Benue,1,0,0
12/04/2020,Anambra,1,0,0
12/04/2020,Niger,1,0,0
12/04/2020,Kano,1,0,0
13/04/2020,Lagos,189,61,5
13/04/2020,FCT,56,11,2
13/04/2020,Osun,20,11,0
13/04/2020,Edo,14,0,1
13/04/2020,Oyo,11,4,0
13/04/2020,Ogun,9,2,0
13/04/2020,Bauchi,6,0,0
13/04/2020,Kaduna,6,0,0
13/04/2020,Akwa Ibom,5,0,0
13/04/2020,Katsina,5,0,1
13/04/2020,Kwara,4,0,0
13/04/2020,Delta,3,0,1
13/04/2020,Ondo,3,0,0
13/04/2020,Kano,3,0,0
13/04/2020,Ekiti,2,1,0
13/04/2020,Enugu,2,0,0
13/04/2020,Rivers,2,1,0
13/04/2020,Benue,1,0,0
13/04/2020,Anambra,1,0,0
13/04/2020,Niger,1,0,0
14/04/2020,Lagos,214,69,6
14/04/2020,FCT,58,11,2
14/04/2020,Osun,20,11,0
14/04/2020,Edo,15,0,1
14/04/2020,Oyo,11,4,0
14/04/2020,Ogun,9,2,0
14/04/2020,Bauchi,6,0,0
14/04/2020,Kaduna,6,0,0
14/04/2020,Akwa Ibom,6,0,0
14/04/2020,Katsina,5,0,1
14/04/2020,Kwara,4,0,0
14/04/2020,Kano,4,0,0
14/04/2020,Delta,3,0,1
14/04/2020,Ondo,3,0,0
14/04/2020,Ekiti,2,1,0
14/04/2020,Enugu,2,0,0
14/04/2020,Rivers,2,1,0
14/04/2020,Benue,1,0,0
14/04/2020,Anambra,1,0,0
14/04/2020,Niger,1,0,0
15/04/2020,Lagos,232,85,7
15/04/2020,FCT,58,23,2
15/04/2020,Osun,20,11,0
15/04/2020,Kano,16,0,0
15/04/2020,Edo,15,0,1
15/04/2020,Oyo,11,4,0
15/04/2020,Ogun,9,2,0
15/04/2020,Katsina,7,0,1
15/04/2020,Bauchi,6,0,0
15/04/2020,Kaduna,6,0,0
15/04/2020,Akwa Ibom,6,0,0
15/04/2020,Kwara,4,0,0
15/04/2020,Delta,4,0,1
15/04/2020,Ondo,3,0,0
15/04/2020,Ekiti,2,1,0
15/04/2020,Enugu,2,1,0
15/04/2020,Rivers,2,1,0
15/04/2020,Niger,2,0,0
15/04/2020,Benue,1,0,0
15/04/2020,Anambra,1,0,0
16/04/2020,Lagos,251,90,7
16/04/2020,FCT,67,23,2
16/04/2020,Kano,21,0,1
16/04/2020,Osun,20,17,0
16/04/2020,Edo,15,5,1
16/04/2020,Oyo,13,5,0
16/04/2020,Ogun,9,5,0
16/04/2020,Katsina,7,0,1
16/04/2020,Kaduna,6,0,0
16/04/2020,Bauchi,6,0,0
16/04/2020,Akwa Ibom,6,3,0
16/04/2020,Kwara,4,0,0
16/04/2020,Delta,4,0,1
16/04/2020,Ondo,3,0,0
16/04/2020,Rivers,2,1,0
16/04/2020,Niger,2,0,0
16/04/2020,Enugu,2,2,0
16/04/2020,Ekiti,2,1,0
16/04/2020,Benue,1,0,0
16/04/2020,Anambra,1,0,0
17/04/2020,Lagos,283,90,11
17/04/2020,FCT,69,23,2
17/04/2020,Kano,27,0,1
17/04/2020,Osun,20,17,0
17/04/2020,Edo,15,6,1
17/04/2020,Oyo,15,5,0
17/04/2020,Ogun,10,5,0
17/04/2020,Katsina,9,0,1
17/04/2020,Kwara,9,0,0
17/04/2020,Kaduna,6,4,0
17/04/2020,Bauchi,6,0,0
17/04/2020,Akwa Ibom,6,3,0
17/04/2020,Delta,4,0,1
17/04/2020,Ondo,3,0,0
17/04/2020,Ekiti,3,2,0
17/04/2020,Rivers,2,2,0
17/04/2020,Niger,2,0,0
17/04/2020,Enugu,2,2,0
17/04/2020,Benue,1,0,0
17/04/2020,Anambra,1,0,0
18/04/2020,Lagos,306,93,13
18/04/2020,FCT,81,23,2
18/04/2020,Kano,37,0,1
18/04/2020,Osun,20,18,0
18/04/2020,Oyo,16,5,0
18/04/2020,Edo,15,6,1
18/04/2020,Ogun,12,5,0
18/04/2020,Katsina,9,0,1
18/04/2020,Kwara,9,2,0
18/04/2020,Kaduna,6,4,0
18/04/2020,Bauchi,6,1,0
18/04/2020,Akwa Ibom,6,3,0
18/04/2020,Delta,4,0,1
18/04/2020,Ekiti,4,2,0
18/04/2020,Ondo,3,0,0
18/04/2020,Rivers,2,2,0
18/04/2020,Niger,2,0,0
18/04/2020,Enugu,2,2,0
18/04/2020,Benue,1,0,0
18/04/2020,Anambra,1,0,0
19/04/2020,Lagos,376,97,13
19/04/2020,FCT,88,23,2
19/04/2020,Kano,36,0,1
19/04/2020,Osun,20,18,0
19/04/2020,Oyo,16,5,0
19/04/2020,Edo,15,6,1
19/04/2020,Ogun,12,5,0
19/04/2020,Katsina,12,0,1
19/04/2020,Kwara,9,2,0
19/04/2020,Akwa Ibom,9,3,1
19/04/2020,Bauchi,7,1,0
19/04/2020,Kaduna,6,4,0
19/04/2020,Delta,4,0,1
19/04/2020,Ekiti,3,2,0
19/04/2020,Ondo,3,0,0
19/04/2020,Rivers,2,2,0
19/04/2020,Niger,2,0,0
19/04/2020,Enugu,2,2,0
19/04/2020,Jigawa,2,0,0
19/04/2020,Benue,1,0,0
19/04/2020,Anambra,1,0,0
19/04/2020,Borno,1,0,1
20/04/2020,Lagos,376,97,13
20/04/2020,FCT,89,35,3
20/04/2020,Kano,59,0,1
20/04/2020,Osun,20,18,0
20/04/2020,Oyo,16,5,0
20/04/2020,Edo,15,7,1
20/04/2020,Ogun,12,5,0
20/04/2020,Katsina,12,0,1
20/04/2020,Kwara,9,2,0
20/04/2020,Akwa Ibom,9,3,1
20/04/2020,Kaduna,9,4,0
20/04/2020,Bauchi,7,5,0
20/04/2020,Gombe,5,0,0
20/04/2020,Delta,4,0,1
20/04/2020,Ekiti,4,2,0
20/04/2020,Ondo,3,1,0
20/04/2020,Borno,3,0,1
20/04/2020,Rivers,2,2,0
20/04/2020,Niger,2,0,0
20/04/2020,Enugu,2,2,0
20/04/2020,Jigawa,2,0,0
20/04/2020,Abia,2,0,0
20/04/2020,Benue,1,0,0
20/04/2020,Anambra,1,0,0
20/04/2020,Sokoto,1,0,0
21/04/2020,Lagos,430,106,15
21/04/2020,FCT,118,35,3
21/04/2020,Kano,73,0,1
21/04/2020,Osun,20,18,0
21/04/2020,Ogun,20,5,0
21/04/2020,Oyo,16,5,0
21/04/2020,Katsina,16,0,1
21/04/2020,Edo,15,7,2
21/04/2020,Kwara,9,2,0
21/04/2020,Akwa Ibom,9,3,1
21/04/2020,Kaduna,9,4,0
21/04/2020,Borno,9,0,1
21/04/2020,Bauchi,8,5,0
21/04/2020,Gombe,5,0,0
21/04/2020,Delta,4,0,1
21/04/2020,Ekiti,4,2,0
21/04/2020,Ondo,3,1,0
21/04/2020,Rivers,3,2,0
21/04/2020,Niger,2,0,0
21/04/2020,Enugu,2,2,0
21/04/2020,Jigawa,2,0,0
21/04/2020,Abia,2,0,0
21/04/2020,Benue,1,0,0
21/04/2020,Anambra,1,0,0
21/04/2020,Sokoto,1,0,0
22/04/2020,Lagos,504,106,15
22/04/2020,FCT,119,35,3
22/04/2020,Kano,73,0,1
22/04/2020,Ogun,24,5,0
22/04/2020,Katsina,21,0,1
22/04/2020,Osun,20,18,0
22/04/2020,Oyo,17,5,1
22/04/2020,Edo,17,7,2
22/04/2020,Kwara,10,2,0
22/04/2020,Akwa Ibom,9,3,1
22/04/2020,Kaduna,9,4,0
22/04/2020,Borno,9,0,2
22/04/2020,Bauchi,8,5,0
22/04/2020,Delta,6,0,1
22/04/2020,Gombe,5,0,0
22/04/2020,Ekiti,4,2,1
22/04/2020,Ondo,3,1,0
22/04/2020,Rivers,3,2,0
22/04/2020,Niger,2,0,0
22/04/2020,Enugu,2,2,0
22/04/2020,Jigawa,2,0,0
22/04/2020,Abia,2,0,0
22/04/2020,Benue,1,0,0
22/04/2020,Anambra,1,0,0
22/04/2020,Sokoto,1,0,0
22/04/2020,Adamawa,1,0,0
23/04/2020,Lagos,582,106,16
23/04/2020,FCT,133,35,3
23/04/2020,Kano,73,0,1
23/04/2020,Ogun,29,5,1
23/04/2020,Katsina,21,0,1
23/04/2020,Osun,20,18,0
23/04/2020,Oyo,17,5,1
23/04/2020,Edo,17,7,2
23/04/2020,Borno,12,0,2
23/04/2020,Kwara,11,2,0
23/04/2020,Akwa Ibom,11,3,1
23/04/2020,Kaduna,9,4,0
23/04/2020,Gombe,9,0,0
23/04/2020,Bauchi,8,5,0
23/04/2020,Delta,6,0,1
23/04/2020,Ekiti,4,2,1
23/04/2020,Ondo,3,1,0
23/04/2020,Rivers,3,2,1
23/04/2020,Niger,2,0,0
23/04/2020,Enugu,2,2,0
23/04/2020,Jigawa,2,0,0
23/04/2020,Abia,2,0,0
23/04/2020,Benue,1,0,0
23/04/2020,Anambra,1,0,0
23/04/2020,Sokoto,1,0,0
23/04/2020,Adamawa,1,0,0
23/04/2020,Plateau,1,0,0
24/04/2020,Lagos,662,116,16
24/04/2020,FCT,138,35,3
24/04/2020,Kano,73,0,1
24/04/2020,Gombe,30,0,0
24/04/2020,Ogun,30,5,1
24/04/2020,Katsina,21,0,1
24/04/2020,Osun,20,18,0
24/04/2020,Edo,19,7,3
24/04/2020,Oyo,18,5,1
24/04/2020,Borno,12,0,2
24/04/2020,Akwa Ibom,11,3,1
24/04/2020,Kwara,11,2,0
24/04/2020,Kaduna,10,4,0
24/04/2020,Bauchi,8,5,0
24/04/2020,Delta,6,0,1
24/04/2020,Ekiti,4,2,1
24/04/2020,Ondo,3,2,0
24/04/2020,Rivers,3,2,1
24/04/2020,Abia,2,0,0
24/04/2020,Enugu,2,2,0
24/04/2020,Jigawa,2,0,0
24/04/2020,Niger,2,0,0
24/04/2020,Sokoto,2,0,0
24/04/2020,Zamfara,2,0,0
24/04/2020,Adamawa,1,0,0
24/04/2020,Anambra,1,0,0
24/04/2020,Benue,1,0,0
24/04/2020,Plateau,1,0,0
25/04/2020,Lagos,689,122,19
25/04/2020,FCT,138,35,3
25/04/2020,Kano,77,0,1
25/04/2020,Ogun,35,5,1
25/04/2020,Osun,32,18,0
25/04/2020,Borno,30,0,2
25/04/2020,Gombe,30,0,0
25/04/2020,Katsina,30,4,1
25/04/2020,Edo,22,7,3
25/04/2020,Oyo,18,5,1
25/04/2020,Akwa Ibom,11,6,1
25/04/2020,Bauchi,11,5,0
25/04/2020,Kwara,11,2,0
25/04/2020,Kaduna,10,4,0
25/04/2020,Ekiti,8,2,1
25/04/2020,Delta,6,0,1
25/04/2020,Ondo,4,2,0
25/04/2020,Rivers,3,2,1
25/04/2020,Abia,2,0,0
25/04/2020,Enugu,2,2,0
25/04/2020,Jigawa,2,0,0
25/04/2020,Niger,2,0,0
25/04/2020,Sokoto,2,0,0
25/04/2020,Zamfara,2,0,0
25/04/2020,Adamawa,1,0,0
25/04/2020,Anambra,1,1,0
25/04/2020,Benue,1,0,0
25/04/2020,Imo,1,0,0
25/04/2020,Plateau,1,0,0
26/04/2020,Lagos,731,128,19
26/04/2020,FCT,141,35,3
26/04/2020,Kano,77,0,1
26/04/2020,Gombe,35,0,0
26/04/2020,Ogun,35,5,1
26/04/2020,Osun,34,18,2
26/04/2020,Borno,30,0,2
26/04/2020,Katsina,30,4,2
26/04/2020,Edo,25,8,3
26/04/2020,Oyo,21,9,2
26/04/2020,Kaduna,15,6,0
26/04/2020,Bauchi,14,6,0
26/04/2020,Akwa,12,9,1
26/04/2020,Kwara,11,2,0
26/04/2020,Sokoto,10,0,0
26/04/2020,Ekiti,8,2,1
26/04/2020,Ondo,8,2,0
26/04/2020,Delta,6,0,1
26/04/2020,Rivers,6,2,2
26/04/2020,Taraba,6,0,0
26/04/2020,Abia,2,0,0
26/04/2020,Enugu,2,0,0
26/04/2020,Jigawa,2,0,0
26/04/2020,Niger,2,0,0
26/04/2020,Zamfara,2,0,0
26/04/2020,Adamawa,1,0,0
26/04/2020,Anambra,1,1,0
26/04/2020,Bayelsa,1,0,0
26/04/2020,Benue,1,0,0
26/04/2020,Ebonyi,1,0,0
26/04/2020,Imo,1,0,0
26/04/2020,Kebbi,1,0,0
26/04/2020,Plateau,1,0,0
27/04/2020,Lagos,764,143,19
27/04/2020,FCT,157,36,3
27/04/2020,Kano,77,0,1
27/04/2020,Borno,41,0,2
27/04/2020,Gombe,37,0,0
27/04/2020,Ogun,35,5,1
27/04/2020,Osun,34,18,2
27/04/2020,Katsina,30,0,2
27/04/2020,Edo,25,8,3
27/04/2020,Oyo,21,9,2
27/04/2020,Kaduna,15,6,0
27/04/2020,Bauchi,14,6,0
27/04/2020,Akwa Ibom,12,9,0
27/04/2020,Kwara,11,2,0
27/04/2020,Sokoto,10,0,0
27/04/2020,Ekiti,8,2,1
27/04/2020,Ondo,8,2,0
27/04/2020,Taraba,8,0,0
27/04/2020,Delta,6,0,1
27/04/2020,Rivers,6,2,2
27/04/2020,Abia,2,0,0
27/04/2020,Enugu,2,2,0
27/04/2020,Jigawa,2,0,0
27/04/2020,Niger,2,0,0
27/04/2020,Zamfara,2,0,0
27/04/2020,Adamawa,1,0,0
27/04/2020,Anambra,1,1,0
27/04/2020,Bayelsa,1,0,0
27/04/2020,Benue,1,0,0
27/04/2020,Ebonyi,1,0,0
27/04/2020,Imo,1,0,0
27/04/2020,Kebbi,1,0,0
27/04/2020,Plateau,1,0,0
28/04/2020,Lagos,844,143,19
28/04/2020,FCT,158,36,3
28/04/2020,Kano,115,0,1
28/04/2020,Borno,53,0,2
28/04/2020,Ogun,50,6,1
28/04/2020,Gombe,46,0,0
28/04/2020,Osun,34,18,2
28/04/2020,Edo,30,8,3
28/04/2020,Katsina,30,0,2
28/04/2020,Bauchi,29,6,0
28/04/2020,Oyo,21,9,2
28/04/2020,Sokoto,19,0,3
28/04/2020,Kaduna,15,6,0
28/04/2020,Akwa Ibom,12,9,1
28/04/2020,Kwara,11,2,0
28/04/2020,Ekiti,8,2,1
28/04/2020,Ondo,8,3,0
28/04/2020,Taraba,8,0,0
28/04/2020,Delta,7,2,2
28/04/2020,Jigawa,7,0,0
28/04/2020,Rivers,7,2,2
28/04/2020,Zamfara,4,0,0
28/04/2020,Enugu,3,2,0
28/04/2020,Abia,2,0,0
28/04/2020,Niger,2,0,0
28/04/2020,Adamawa,1,0,0
28/04/2020,Anambra,1,1,0
28/04/2020,Bayelsa,1,0,0
28/04/2020,Benue,1,0,0
28/04/2020,Ebonyi,11,0,0
28/04/2020,Imo,1,0,0
28/04/2020,Kebbi,1,0,0
28/04/2020,Nasarawa,1,0,0
28/04/2020,Plateau,1,0,0
29/04/2020,Lagos,931,192,21
29/04/2020,FCT,174,36,3
29/04/2020,Kano,139,0,3
29/04/2020,Gombe,64,0,0
29/04/2020,Borno,59,0,5
29/04/2020,Ogun,50,6,1
29/04/2020,Katsina,40,0,2
29/04/2020,Edo,37,9,3
29/04/2020,Osun,34,18,2
29/04/2020,Kaduna,32,6,0
29/04/2020,Bauchi,29,6,0
29/04/2020,Sokoto,27,0,3
29/04/2020,Oyo,21,9,2
29/04/2020,Akwa Ibom,12,9,1
29/04/2020,Kwara,11,2,0
29/04/2020,Ekiti,8,2,1
29/04/2020,Ondo,8,3,0
29/04/2020,Taraba,8,0,0
29/04/2020,Delta,7,4,2
29/04/2020,Jigawa,7,0,0
29/04/2020,Rivers,7,2,2
29/04/2020,Zamfara,4,0,0
29/04/2020,Enugu,3,2,0
29/04/2020,Abia,2,0,0
29/04/2020,Adamawa,2,0,0
29/04/2020,Ebonyi,2,0,0
29/04/2020,Niger,2,0,0
29/04/2020,Anambra,1,1,0
29/04/2020,Bayelsa,1,0,0
29/04/2020,Benue,1,0,0
29/04/2020,Imo,1,0,0
29/04/2020,Kebbi,1,0,0
29/04/2020,Nasarawa,1,0,0
29/04/2020,Plateau,1,0,0
29/04/2020,Yobe,1,0,0
30/04/2020,Lagos,976,199,21
30/04/2020,Kano,219,0,3
30/04/2020,FCT,178,36,3
30/04/2020,Gombe,76,0,0
30/04/2020,Borno,66,0,6
30/04/2020,Ogun,56,8,1
30/04/2020,Edo,44,10,3
30/04/2020,Katsina,40,0,2
30/04/2020,Bauchi,38,6,0
30/04/2020,Sokoto,36,1,4
30/04/2020,Kaduna,35,6,1
30/04/2020,Osun,34,18,3
30/04/2020,Oyo,23,9,2
30/04/2020,Akwa Ibom,16,10,2
30/04/2020,Rivers,13,2,2
30/04/2020,Kwara,11,2,0
30/04/2020,Delta,9,4,2
30/04/2020,Ondo,9,3,0
30/04/2020,Ekiti,8,2,1
30/04/2020,Taraba,8,0,0
30/04/2020,Jigawa,7,0,1
30/04/2020,Bayelsa,5,0,0
30/04/2020,Zamfara,4,0,1
30/04/2020,Enugu,3,2,0
30/04/2020,Nasarawa,3,0,0
30/04/2020,Abia,2,0,0
30/04/2020,Adamawa,2,0,0
30/04/2020,Ebonyi,2,0,0
30/04/2020,Kebbi,2,0,0
30/04/2020,Niger,2,0,0
30/04/2020,Anambra,1,1,0
30/04/2020,Benue,1,0,0
30/04/2020,Imo,1,0,0
30/04/2020,Plateau,1,0,0
30/04/2020,Yobe,1,0,0
01/05/2020,Lagos,1006,225,28
01/05/2020,Kano,311,0,3
01/05/2020,FCT,214,36,3
01/05/2020,Gombe,92,0,0
01/05/2020,Borno,69,0,6
01/05/2020,Ogun,56,8,1
01/05/2020,Bauchi,48,6,0
01/05/2020,Edo,47,10,3
01/05/2020,Sokoto,41,1,7
01/05/2020,Katsina,49,6,2
01/05/2020,Kaduna,35,6,1
01/05/2020,Osun,34,18,3
01/05/2020,Oyo,29,9,2
01/05/2020,Delta,17,4,2
01/05/2020,Akwa Ibom,16,10,2
01/05/2020,Kwara,14,2,0
01/05/2020,Rivers,14,2,2
01/05/2020,Ondo,13,3,0
01/05/2020,Ekiti,11,2,1
01/05/2020,Zamfara,9,0,1
01/05/2020,Taraba,8,0,0
01/05/2020,Jigawa,7,0,1
01/05/2020,Nasarawa,7,0,0
01/05/2020,Bayelsa,5,0,0
01/05/2020,Adamawa,4,0,0
01/05/2020,Enugu,4,2,0
01/05/2020,Yobe,4,0,0
01/05/2020,Ebonyi,3,0,0
01/05/2020,Niger,3,0,0
01/05/2020,Abia,2,0,0
01/05/2020,Imo,2,0,0
01/05/2020,Kebbi,2,0,0
01/05/2020,Anambra,1,1,0
01/05/2020,Benue,1,0,0
01/05/2020,Plateau,1,0,0
02/05/2020,Lagos,1068,247,30
02/05/2020,Kano,313,7,6
02/05/2020,FCT,266,36,3
02/05/2020,Gombe,96,0,0
02/05/2020,Borno,75,0,11
02/05/2020,Kaduna,66,6,1
02/05/2020,Ogun,56,9,2
02/05/2020,Sokoto,54,1,8
02/05/2020,Bauchi,53,6,0
02/05/2020,Edo,52,10,3
02/05/2020,Katsina,38,6,6
02/05/2020,Osun,36,22,3
02/05/2020,Oyo,33,9,2
02/05/2020,Delta,17,4,2
02/05/2020,Akwa Ibom,16,10,2
02/05/2020,Kwara,16,2,0
02/05/2020,Rivers,14,2,2
02/05/2020,Ondo,13,3,0
02/05/2020,Yobe,13,0,1
02/05/2020,Kebbi,12,0,0
02/05/2020,Zamfara,12,0,1
02/05/2020,Ekiti,11,2,1
02/05/2020,Nasarawa,9,0,0
02/05/2020,Enugu,8,2,0
02/05/2020,Taraba,8,0,0
02/05/2020,Jigawa,7,0,1
02/05/2020,Bayelsa,5,0,0
02/05/2020,Ebonyi,5,0,0
02/05/2020,Adamawa,4,0,0
02/05/2020,Niger,3,0,0
02/05/2020,Plateau,3,0,0
02/05/2020,Abia,2,0,0
02/05/2020,Imo,2,0,0
02/05/2020,Anambra,1,1,0
02/05/2020,Benue,1,0,0
03/05/2020,Lagos,1107,247,30
03/05/2020,Kano,342,7,6
03/05/2020,FCT,278,40,3
03/05/2020,Gombe,96,0,0
03/05/2020,Borno,82,0,12
03/05/2020,Kaduna,81,8,1
03/05/2020,Ogun,80,10,2
03/05/2020,Bauchi,71,6,0
03/05/2020,Sokoto,66,1,8
03/05/2020,Edo,52,10,3
03/05/2020,Katsina,46,6,7
03/05/2020,Osun,36,22,3
03/05/2020,Oyo,34,9,2
03/05/2020,Delta,17,4,2
03/05/2020,Akwa Ibom,16,10,2
03/05/2020,Kwara,16,8,0
03/05/2020,Rivers,14,2,2
03/05/2020,Ondo,13,3,0
03/05/2020,Yobe,13,0,1
03/05/2020,Kebbi,12,0,0
03/05/2020,Nasarawa,12,0,0
03/05/2020,Zamfara,12,0,1
03/05/2020,Ekiti,11,2,1
03/05/2020,Enugu,8,2,0
03/05/2020,Taraba,8,0,0
03/05/2020,Jigawa,7,0,1
03/05/2020,Adamawa,6,0,0
03/05/2020,Bayelsa,5,0,0
03/05/2020,Ebonyi,5,0,0
03/05/2020,Niger,3,1,0
03/05/2020,Plateau,3,0,0
03/05/2020,Abia,2,1,0
03/05/2020,Imo,2,0,0
03/05/2020,Anambra,1,1,0
03/05/2020,Benue,1,0,0
04/05/2020,Lagos,1183,261,30
04/05/2020,Kano,365,0,8
04/05/2020,FCT,297,40,3
04/05/2020,Borno,100,0,14
04/05/2020,Gombe,96,0,0
04/05/2020,Ogun,85,12,2
04/05/2020,Katsina,83,6,7
04/05/2020,Kaduna,81,10,1
04/05/2020,Bauchi,80,6,0
04/05/2020,Sokoto,66,1,8
04/05/2020,Edo,62,10,4
04/05/2020,Jigawa,39,0,1
04/05/2020,Oyo,39,9,2
04/05/2020,Osun,37,30,4
04/05/2020,Delta,17,2,2
04/05/2020,Akwa Ibom,16,10,2
04/05/2020,Kwara,16,8,0
04/05/2020,Rivers,14,2,2
04/05/2020,Ondo,13,3,0
04/05/2020,Yobe,13,0,1
04/05/2020,Zamfara,13,0,1
04/05/2020,Adamawa,12,0,0
04/05/2020,Ekiti,12,2,1
04/05/2020,Kebbi,12,0,0
04/05/2020,Nasarawa,11,0,0
04/05/2020,Enugu,8,2,0
04/05/2020,Taraba,8,0,0
04/05/2020,Bayelsa,5,0,0
04/05/2020,Ebonyi,5,0,0
04/05/2020,Niger,4,1,0
04/05/2020,Plateau,3,0,0
04/05/2020,Abia,2,1,0
04/05/2020,Benue,2,0,0
04/05/2020,Imo,2,0,0
04/05/2020,Anambra,1,1,0
05/05/2020,Lagos,1226,321,30
05/05/2020,Kano,397,3,11
05/05/2020,FCT,307,40,3
05/05/2020,Borno,106,0,14
05/05/2020,Gombe,98,0,0
05/05/2020,Katsina,92,6,8
05/05/2020,Ogun,91,12,2
05/05/2020,Kaduna,84,10,1
05/05/2020,Bauchi,83,6,0
05/05/2020,Sokoto,76,1,8
05/05/2020,Edo,65,10,4
05/05/2020,Oyo,44,9,2
05/05/2020,Jigawa,39,0,1
05/05/2020,Osun,37,30,4
05/05/2020,Zamfara,27,0,1
05/05/2020,Delta,17,2,2
05/05/2020,Akwa Ibom,16,10,2
05/05/2020,Kwara,16,8,0
05/05/2020,Taraba,15,0,0
05/05/2020,Adamawa,14,0,0
05/05/2020,Rivers,14,2,2
05/05/2020,Kebbi,13,0,0
05/05/2020,Ondo,13,3,0
05/05/2020,Yobe,13,0,1
05/05/2020,Ekiti,12,2,1
05/05/2020,Nasarawa,11,0,1
05/05/2020,Enugu,8,2,0
05/05/2020,Bayelsa,5,0,0
05/05/2020,Ebonyi,5,0,0
05/05/2020,Niger,4,1,0
05/05/2020,Plateau,4,0,0
05/05/2020,Abia,2,1,0
05/05/2020,Benue,2,0,0
05/05/2020,Imo,2,1,0
05/05/2020,Anambra,1,1,0
06/05/2020,Lagos,1308,358,30
06/05/2020,Kano,427,6,13
06/05/2020,FCT,316,40,4
06/05/2020,Borno,116,0,14
06/05/2020,Gombe,103,0,0
06/05/2020,Katsina,95,8,8
06/05/2020,Ogun,95,18,2
06/05/2020,Kaduna,85,10,1
06/05/2020,Sokoto,85,1,8
06/05/2020,Bauchi,83,6,0
06/05/2020,Edo,65,10,4
06/05/2020,Oyo,52,11,2
06/05/2020,Zamfara,46,0,2
06/05/2020,Jigawa,39,0,1
06/05/2020,Osun,37,30,4
06/05/2020,Kebbi,18,0,0
06/05/2020,Delta,17,2,3
06/05/2020,Akwa Ibom,16,10,2
06/05/2020,Kwara,16,8,0
06/05/2020,Adamawa,15,0,0
06/05/2020,Taraba,15,0,0
06/05/2020,Rivers,14,2,2
06/05/2020,Ondo,13,6,0
06/05/2020,Yobe,13,0,1
06/05/2020,Ekiti,12,2,1
06/05/2020,Nasarawa,11,0,1
06/05/2020,Enugu,8,2,0
06/05/2020,Bayelsa,5,0,0
06/05/2020,Ebonyi,5,0,0
06/05/2020,Niger,4,1,0
06/05/2020,Plateau,4,0,0
06/05/2020,Abia,2,1,0
06/05/2020,Benue,2,0,0
06/05/2020,Imo,2,1,0
06/05/2020,Anambra,1,1,0
07/05/2020,Lagos,1491,406,33
07/05/2020,Kano,482,19,13
07/05/2020,FCT,316,40,4
07/05/2020,Borno,125,0,14
07/05/2020,Gombe,109,0,0
07/05/2020,Katsina,106,9,8
07/05/2020,Bauchi,102,6,0
07/05/2020,Ogun,100,18,2
07/05/2020,Kaduna,92,14,1
07/05/2020,Sokoto,89,1,8
07/05/2020,Jigawa,83,0,1
07/05/2020,Edo,65,10,4
07/05/2020,Zamfara,65,0,3
07/05/2020,Oyo,55,11,2
07/05/2020,Osun,37,30,4
07/05/2020,Kwara,24,8,0
07/05/2020,Kebbi,18,0,0
07/05/2020,Akwa Ibom,17,10,2
07/05/2020,Delta,17,2,3
07/05/2020,Rivers,17,2,2
07/05/2020,Adamawa,15,0,0
07/05/2020,Taraba,15,0,0
07/05/2020,Ondo,13,6,0
07/05/2020,Yobe,13,0,1
07/05/2020,Ekiti,12,2,1
07/05/2020,Nasarawa,11,0,1
07/05/2020,Enugu,9,2,0
07/05/2020,Niger,6,1,0
07/05/2020,Bayelsa,5,0,0
07/05/2020,Ebonyi,5,0,0
07/05/2020,Plateau,5,1,0
07/05/2020,Abia,2,1,0
07/05/2020,Benue,2,0,0
07/05/2020,Imo,2,1,0
07/05/2020,Anambra,1,1,0
08/05/2020,Lagos,1667,448,33
08/05/2020,Kano,547,20,18
08/05/2020,FCT,336,40,4
08/05/2020,Borno,142,0,14
08/05/2020,Katsina,137,9,8
08/05/2020,Bauchi,117,6,1
08/05/2020,Ogun,113,28,4
08/05/2020,Gombe,110,10,0
08/05/2020,Kaduna,95,14,2
08/05/2020,Sokoto,93,4,9
08/05/2020,Jigawa,83,0,1
08/05/2020,Edo,67,12,4
08/05/2020,Zamfara,65,0,3
08/05/2020,Oyo,59,14,2
08/05/2020,Osun,38,30,4
08/05/2020,Nasarawa,25,0,1
08/05/2020,Kwara,24,9,0
08/05/2020,Rivers,21,4,2
08/05/2020,Kebbi,18,0,0
08/05/2020,Akwa Ibom,17,10,2
08/05/2020,Delta,17,3,3
08/05/2020,Adamawa,15,0,0
08/05/2020,Ondo,15,6,0
08/05/2020,Plateau,15,1,0
08/05/2020,Taraba,15,0,0
08/05/2020,Yobe,13,0,1
08/05/2020,Ekiti,12,4,1
08/05/2020,Enugu,10,2,0
08/05/2020,Ebonyi,7,0,0
08/05/2020,Niger,6,2,0
08/05/2020,Bayelsa,5,0,0
08/05/2020,Imo,3,1,0
08/05/2020,Abia,2,1,0
08/05/2020,Benue,2,0,0
08/05/2020,Anambra,1,1,0
09/05/2020,Lagos,1764,448,33
09/05/2020,Kano,576,30,18
09/05/2020,FCT,343,85,8
09/05/2020,Bauchi,161,6,1
09/05/2020,Borno,159,0,15
09/05/2020,Katsina,156,9,9
09/05/2020,Ogun,115,28,4
09/05/2020,Gombe,110,15,0
09/05/2020,Kaduna,98,14,3
09/05/2020,Sokoto,96,10,9
09/05/2020,Jigawa,83,0,1
09/05/2020,Edo,67,12,4
09/05/2020,Zamfara,65,0,3
09/05/2020,Oyo,64,14,2
09/05/2020,Osun,38,30,4
09/05/2020,Kwara,30,9,1
09/05/2020,Nasarawa,25,0,2
09/05/2020,Rivers,21,4,2
09/05/2020,Kebbi,20,0,2
09/05/2020,Delta,17,3,3
09/05/2020,Akwa Ibom,17,10,2
09/05/2020,Plateau,17,1,0
09/05/2020,Adamawa,17,0,0
09/05/2020,Taraba,15,0,0
09/05/2020,Ondo,15,6,0
09/05/2020,Yobe,13,0,1
09/05/2020,Ekiti,13,4,1
09/05/2020,Enugu,10,2,0
09/05/2020,Ebonyi,7,0,0
09/05/2020,Niger,6,2,0
09/05/2020,Bayelsa,5,0,0
09/05/2020,Imo,3,1,0
09/05/2020,Benue,2,0,0
09/05/2020,Abia,2,1,0
09/05/2020,Anambra,1,1,0
10/05/2020,Lagos,1845,469,33
10/05/2020,Kano,602,48,26
10/05/2020,FCT,356,53,6
10/05/2020,Borno,185,12,16
10/05/2020,Bauchi,181,6,1
10/05/2020,Katsina,156,16,10
10/05/2020,Jigawa,118,0,2
10/05/2020,Ogun,117,33,5
10/05/2020,Gombe,112,10,1
10/05/2020,Sokoto,106,13,12
10/05/2020,Kaduna,98,14,3
10/05/2020,Edo,79,13,4
10/05/2020,Zamfara,72,0,3
10/05/2020,Oyo,64,15,2
10/05/2020,Osun,39,30,4
10/05/2020,Kwara,34,9,1
10/05/2020,Nasarawa,25,0,2
10/05/2020,Kebbi,24,1,3
10/05/2020,Rivers,21,4,2
10/05/2020,Plateau,19,1,0
10/05/2020,Akwa Ibom,17,10,2
10/05/2020,Delta,17,3,3
10/05/2020,Adamawa,17,0,0
10/05/2020,Ekiti,15,4,1
10/05/2020,Ondo,15,6,0
10/05/2020,Taraba,15,1,0
10/05/2020,Yobe,13,0,1
10/05/2020,Enugu,10,2,0
10/05/2020,Ebonyi,7,0,0
10/05/2020,Niger,6,2,0
10/05/2020,Bayelsa,6,0,0
10/05/2020,Imo,3,1,0
10/05/2020,Benue,2,0,0
10/05/2020,Abia,2,1,0
10/05/2020,Anambra,1,1,0
11/05/2020,Lagos,1933,502,33
11/05/2020,Kano,666,61,32
11/05/2020,FCT,359,53,4
11/05/2020,Katsina,205,16,10
11/05/2020,Borno,186,12,16
11/05/2020,Bauchi,182,7,1
11/05/2020,Ogun,126,39,5
11/05/2020,Jigawa,118,4,2
11/05/2020,Gombe,118,53,1
11/05/2020,Kaduna,111,17,3
11/05/2020,Sokoto,106,19,12
11/05/2020,Edo,79,13,4
11/05/2020,Zamfara,73,1,5
11/05/2020,Oyo,65,15,2
11/05/2020,Osun,39,30,4
11/05/2020,Kwara,34,9,1
11/05/2020,Nasarawa,25,0,1
11/05/2020,Kebbi,24,1,3
11/05/2020,Rivers,22,4,3
11/05/2020,Adamawa,21,4,0
11/05/2020,Plateau,19,1,0
11/05/2020,Akwa Ibom,17,10,2
11/05/2020,Delta,17,3,3
11/05/2020,Ondo,16,11,1
11/05/2020,Taraba,15,1,0
11/05/2020,Ekiti,15,9,1
11/05/2020,Yobe,13,0,1
11/05/2020,Enugu,10,2,0
11/05/2020,Ebonyi,7,0,0
11/05/2020,Niger,6,2,0
11/05/2020,Bayelsa,6,0,0
11/05/2020,Imo,3,1,0
11/05/2020,Benue,2,0,0
11/05/2020,Abia,2,1,0
11/05/2020,Anambra,1,1,0
12/05/2020,Lagos,1990,502,33
12/05/2020,Kano,693,74,33
12/05/2020,FCT,360,65,7
12/05/2020,Katsina,208,18,11
12/05/2020,Bauchi,190,23,3
12/05/2020,Borno,188,12,16
12/05/2020,Ogun,127,46,5
12/05/2020,Gombe,119,53,1
12/05/2020,Jigawa,118,4,2
12/05/2020,Kaduna,111,17,3
12/05/2020,Sokoto,108,22,13
12/05/2020,Edo,88,13,4
12/05/2020,Zamfara,73,1,5
12/05/2020,Oyo,69,16,2
12/05/2020,Kwara,44,9,1
12/05/2020,Osun,39,30,4
12/05/2020,Kebbi,28,1,3
12/05/2020,Nasarawa,25,0,1
12/05/2020,Rivers,23,4,3
12/05/2020,Plateau,21,1,0
12/05/2020,Adamawa,21,4,0
12/05/2020,Yobe,20,0,1
12/05/2020,Delta,17,3,3
12/05/2020,Akwa Ibom,17,10,2
12/05/2020,Ondo,16,11,1
12/05/2020,Ekiti,15,9,1
12/05/2020,Taraba,15,1,0
12/05/2020,Enugu,11,2,0
12/05/2020,Niger,9,2,0
12/05/2020,Ebonyi,8,0,0
12/05/2020,Bayelsa,6,3,0
12/05/2020,Benue,4,0,0
12/05/2020,Imo,3,1,0
12/05/2020,Abia,2,1,0
12/05/2020,Anambra,1,1,0
13/05/2020,Lagos,2041,528,33
13/05/2020,Kano,707,79,33
13/05/2020,FCT,370,72,7
13/05/2020,Katsina,224,25,12
13/05/2020,Bauchi,206,25,3
13/05/2020,Borno,188,20,20
13/05/2020,Jigawa,141,4,3
13/05/2020,Ogun,127,46,5
13/05/2020,Gombe,119,65,1
13/05/2020,Kaduna,116,17,3
13/05/2020,Sokoto,112,40,13
13/05/2020,Edo,89,26,4
13/05/2020,Oyo,73,16,2
13/05/2020,Zamfara,73,1,5
13/05/2020,Kwara,53,9,1
13/05/2020,Osun,42,30,4
13/05/2020,Rivers,33,5,3
13/05/2020,Kebbi,31,5,3
13/05/2020,Nasarawa,28,0,1
13/05/2020,Delta,22,6,3
13/05/2020,Adamawa,21,4,0
13/05/2020,Plateau,20,4,0
13/05/2020,Yobe,20,0,1
13/05/2020,Ondo,18,11,1
13/05/2020,Akwa Ibom,17,12,2
13/05/2020,Taraba,17,1,0
13/05/2020,Ekiti,15,9,1
13/05/2020,Enugu,12,2,0
13/05/2020,Niger,10,2,0
13/05/2020,Ebonyi,9,0,0
13/05/2020,Bayelsa,6,3,0
13/05/2020,Benue,4,0,0
13/05/2020,Imo,3,1,0
13/05/2020,Abia,2,1,0
13/05/2020,Anambra,2,1,0
14/05/2020,Lagos,2099,541,33
14/05/2020,Kano,753,87,33
14/05/2020,FCT,379,82,7
14/05/2020,Katsina,224,29,12
14/05/2020,Bauchi,207,25,3
14/05/2020,Borno,191,20,20
14/05/2020,Jigawa,176,4,3
14/05/2020,Ogun,134,57,5
14/05/2020,Gombe,124,87,1
14/05/2020,Kaduna,114,17,3
14/05/2020,Sokoto,112,40,13
14/05/2020,Edo,92,27,5
14/05/2020,Oyo,73,16,2
14/05/2020,Zamfara,73,18,5
14/05/2020,Kwara,56,12,1
14/05/2020,Osun,42,30,4
14/05/2020,Rivers,33,5,3
14/05/2020,Yobe,32,3,1
14/05/2020,Kebbi,31,11,4
14/05/2020,Nasarawa,29,5,1
14/05/2020,Plateau,25,4,0
14/05/2020,Delta,22,9,4
14/05/2020,Adamawa,21,7,0
14/05/2020,Ondo,19,11,1
14/05/2020,Taraba,17,1,0
14/05/2020,Akwa Ibom,17,12,2
14/05/2020,Ekiti,15,9,1
14/05/2020,Enugu,12,2,0
14/05/2020,Niger,10,2,0
14/05/2020,Ebonyi,9,0,0
14/05/2020,Imo,7,2,0
14/05/2020,Bayelsa,6,3,0
14/05/2020,Benue,4,0,0
14/05/2020,Anambra,2,1,0
14/05/2020,Abia,2,1,0
15/05/2020,Lagos,2278,541,36
15/05/2020,Kano,761,90,33
15/05/2020,FCT,386,88,7
15/05/2020,Katsina,239,29,12
15/05/2020,Bauchi,210,41,3
15/05/2020,Borno,204,44,20
15/05/2020,Jigawa,191,4,3
15/05/2020,Ogun,145,59,5
15/05/2020,Kaduna,130,53,3
15/05/2020,Gombe,124,90,2
15/05/2020,Sokoto,112,53,13
15/05/2020,Edo,93,27,5
15/05/2020,Oyo,76,28,2
15/05/2020,Zamfara,73,29,5
15/05/2020,Kwara,58,12,1
15/05/2020,Osun,42,30,4
15/05/2020,Rivers,33,10,3
15/05/2020,Yobe,32,3,1
15/05/2020,Kebbi,31,11,4
15/05/2020,Nasarawa,29,5,1
15/05/2020,Delta,25,9,4
15/05/2020,Plateau,21,4,0
15/05/2020,Adamawa,21,11,0
15/05/2020,Ekiti,19,13,1
15/05/2020,Ondo,19,11,1
15/05/2020,Taraba,17,1,0
15/05/2020,Akwa Ibom,17,12,2
15/05/2020,Niger,14,2,0
15/05/2020,Enugu,12,2,0
15/05/2020,Ebonyi,9,1,0
15/05/2020,Imo,7,2,0
15/05/2020,Bayelsa,6,3,0
15/05/2020,Benue,4,0,0
15/05/2020,Anambra,2,1,0
15/05/2020,Abia,2,1,0
,,,,
